# "Lord" said of Jesus takes the Son color. Matthew, Mark.
Matthew 7:21	Lord	*	GOD_FATHER	GOD_SON	Lord, Lord said to Jesus
Matthew 7:22	Lord	*	GOD_FATHER	GOD_SON	Lord, Lord said to Jesus at judgment
Matthew 8:2	Lord	1	GOD_FATHER	GOD_SON	leper addresses Jesus
Matthew 8:6	Lord	1	GOD_FATHER	GOD_SON	centurion addresses Jesus
Matthew 8:8	Lord	1	GOD_FATHER	GOD_SON	centurion addresses Jesus
Matthew 8:21	Lord	1	GOD_FATHER	GOD_SON	disciple addresses Jesus
Matthew 8:25	Lord	1	GOD_FATHER	GOD_SON	disciples address Jesus
Matthew 9:28	Lord	1	GOD_FATHER	GOD_SON	blind men address Jesus
Matthew 12:8	Lord	1	GOD_FATHER	GOD_SON	Son of man is Lord of the sabbath
Matthew 13:51	Lord	1	GOD_FATHER	GOD_SON	disciples address Jesus
Matthew 14:28	Lord	1	GOD_FATHER	GOD_SON	Peter addresses Jesus
Matthew 14:30	Lord	1	GOD_FATHER	GOD_SON	Peter addresses Jesus
Matthew 15:22	Lord	1	GOD_FATHER	GOD_SON	O Lord, thou Son of David
Matthew 15:25	Lord	1	GOD_FATHER	GOD_SON	Canaanite woman addresses Jesus
Matthew 15:27	Lord	1	GOD_FATHER	GOD_SON	Canaanite woman addresses Jesus
Matthew 16:22	Lord	1	GOD_FATHER	GOD_SON	Peter addresses Jesus
Matthew 17:4	Lord	1	GOD_FATHER	GOD_SON	Peter addresses Jesus
Matthew 18:21	Lord	1	GOD_FATHER	GOD_SON	Peter addresses Jesus
Matthew 20:30	Lord	1	GOD_FATHER	GOD_SON	O Lord, thou Son of David
Matthew 20:31	Lord	1	GOD_FATHER	GOD_SON	O Lord, thou Son of David
Matthew 20:33	Lord	1	GOD_FATHER	GOD_SON	blind men address Jesus
Matthew 21:3	Lord	1	GOD_FATHER	GOD_SON	the Lord hath need of them: Jesus
Matthew 22:43	Lord	1	GOD_FATHER	GOD_SON	David calls Christ Lord
Matthew 22:44	Lord	1	GOD_FATHER	GOD_SON	Psalm 110:1, my Lord = Christ
Matthew 22:45	Lord	1	GOD_FATHER	GOD_SON	David calls Christ Lord
Matthew 24:42	Lord	1	GOD_FATHER	GOD_SON	your Lord doth come: Christ's return
Matthew 25:37	Lord	1	GOD_FATHER	GOD_SON	righteous address the King/Son of man
Matthew 25:44	Lord	1	GOD_FATHER	GOD_SON	wicked address the King/Son of man
Matthew 26:22	Lord	1	GOD_FATHER	GOD_SON	disciples address Jesus
Matthew 28:6	Lord	1	GOD_FATHER	GOD_SON	place where the Lord lay: Jesus
Mark 2:28	Lord	1	GOD_FATHER	GOD_SON	Son of man is Lord of the sabbath
Mark 7:28	Lord	1	GOD_FATHER	GOD_SON	Syrophenician woman addresses Jesus
Mark 9:24	Lord	1	GOD_FATHER	GOD_SON	father addresses Jesus
Mark 10:51	Lord	1	GOD_FATHER	GOD_SON	Bartimaeus addresses Jesus
Mark 11:3	Lord	1	GOD_FATHER	GOD_SON	the Lord hath need of him: Jesus
Mark 12:36	Lord	1	GOD_FATHER	GOD_SON	Psalm 110:1, my Lord = Christ
Mark 12:37	Lord	1	GOD_FATHER	GOD_SON	David calls Christ Lord
Mark 16:19	Lord	1	GOD_FATHER	GOD_SON	narrator: risen Jesus ascends
Mark 16:20	Lord	1	GOD_FATHER	GOD_SON	narrator: risen Lord working with them
