# "Lord" said of Jesus takes the Son color. John, Revelation.
John 4:1	Lord	1	GOD_FATHER	GOD_SON	narrator: Jesus
John 6:23	Lord	1	GOD_FATHER	GOD_SON	narrator: Jesus
John 6:34	Lord	1	GOD_FATHER	GOD_SON	crowd addresses Jesus
John 6:68	Lord	1	GOD_FATHER	GOD_SON	Peter addresses Jesus
John 8:11	Lord	1	GOD_FATHER	GOD_SON	woman addresses Jesus
John 9:36	Lord	1	GOD_FATHER	GOD_SON	healed man addresses Jesus
John 9:38	Lord	1	GOD_FATHER	GOD_SON	healed man worships Jesus
John 11:2	Lord	1	GOD_FATHER	GOD_SON	narrator: Jesus
John 11:3	Lord	1	GOD_FATHER	GOD_SON	sisters address Jesus
John 11:12	Lord	1	GOD_FATHER	GOD_SON	disciples address Jesus
John 11:21	Lord	1	GOD_FATHER	GOD_SON	Martha addresses Jesus
John 11:27	Lord	1	GOD_FATHER	GOD_SON	Martha addresses Jesus
John 11:32	Lord	1	GOD_FATHER	GOD_SON	Mary addresses Jesus
John 11:34	Lord	1	GOD_FATHER	GOD_SON	they address Jesus
John 11:39	Lord	1	GOD_FATHER	GOD_SON	Martha addresses Jesus
John 13:6	Lord	1	GOD_FATHER	GOD_SON	Peter addresses Jesus
John 13:9	Lord	1	GOD_FATHER	GOD_SON	Peter addresses Jesus
John 13:13	Lord	1	GOD_FATHER	GOD_SON	Jesus: ye call me Lord
John 13:14	Lord	1	GOD_FATHER	GOD_SON	Jesus: your Lord and Master
John 13:25	Lord	1	GOD_FATHER	GOD_SON	beloved disciple addresses Jesus
John 13:36	Lord	1	GOD_FATHER	GOD_SON	Peter addresses Jesus
John 13:37	Lord	1	GOD_FATHER	GOD_SON	Peter addresses Jesus
John 14:5	Lord	1	GOD_FATHER	GOD_SON	Thomas addresses Jesus
John 14:8	Lord	1	GOD_FATHER	GOD_SON	Philip addresses Jesus
John 14:22	Lord	1	GOD_FATHER	GOD_SON	Judas addresses Jesus
John 20:2	Lord	1	GOD_FATHER	GOD_SON	Mary: taken away the Lord (Jesus' body)
John 20:13	Lord	1	GOD_FATHER	GOD_SON	Mary: my Lord (Jesus)
John 20:18	Lord	1	GOD_FATHER	GOD_SON	Mary has seen the risen Lord
John 20:20	Lord	1	GOD_FATHER	GOD_SON	narrator: risen Jesus
John 20:25	Lord	1	GOD_FATHER	GOD_SON	disciples have seen the risen Lord
John 20:28	Lord	1	GOD_FATHER	GOD_SON	Thomas: My Lord and my God
John 21:7	Lord	*	GOD_FATHER	GOD_SON	It is the Lord (risen Jesus)
John 21:12	Lord	1	GOD_FATHER	GOD_SON	narrator: risen Jesus
John 21:15	Lord	1	GOD_FATHER	GOD_SON	Peter addresses Jesus
John 21:16	Lord	1	GOD_FATHER	GOD_SON	Peter addresses Jesus
John 21:17	Lord	1	GOD_FATHER	GOD_SON	Peter addresses Jesus
John 21:20	Lord	1	GOD_FATHER	GOD_SON	beloved disciple addresses Jesus
John 21:21	Lord	1	GOD_FATHER	GOD_SON	Peter addresses Jesus
Revelation 1:10	Lord’s	1	GOD_FATHER	GOD_SON	the Lord's day
Revelation 11:8	Lord	1	GOD_FATHER	GOD_SON	where our Lord was crucified
Revelation 14:13	Lord	1	GOD_FATHER	GOD_SON	die in the Lord (union with Christ)
Revelation 17:14	Lord	1	GOD_FATHER	GOD_SON	the Lamb is Lord of lords
Revelation 19:16	LORD	1	GOD_FATHER	GOD_SON	Rider: LORD OF LORDS
Revelation 22:20	Lord	1	GOD_FATHER	GOD_SON	come, Lord Jesus
Revelation 22:21	Lord	1	GOD_FATHER	GOD_SON	our Lord Jesus Christ
