# "Lord" said of Jesus takes the Son color. Romans, 1-2 Corinthians, Galatians.
Romans 1:3	Lord	1	GOD_FATHER	GOD_SON	Jesus Christ our Lord
Romans 1:7	Lord	1	GOD_FATHER	GOD_SON	Lord Jesus Christ
Romans 4:24	Lord	1	GOD_FATHER	GOD_SON	Jesus our Lord
Romans 5:1	Lord	1	GOD_FATHER	GOD_SON	our Lord Jesus Christ
Romans 5:11	Lord	1	GOD_FATHER	GOD_SON	our Lord Jesus Christ
Romans 5:21	Lord	1	GOD_FATHER	GOD_SON	Jesus Christ our Lord
Romans 6:11	Lord	1	GOD_FATHER	GOD_SON	Jesus Christ our Lord
Romans 6:23	Lord	1	GOD_FATHER	GOD_SON	Jesus Christ our Lord
Romans 7:25	Lord	1	GOD_FATHER	GOD_SON	Jesus Christ our Lord
Romans 8:39	Lord	1	GOD_FATHER	GOD_SON	Christ Jesus our Lord
Romans 10:9	Lord	1	GOD_FATHER	GOD_SON	confess the Lord Jesus
Romans 10:12	Lord	1	GOD_FATHER	GOD_SON	same Lord over all = Christ (10:9)
Romans 10:13	Lord	1	GOD_FATHER	GOD_SON	Joel 2:32 applied to Christ (10:9-14)
Romans 12:11	Lord	1	GOD_FATHER	GOD_SON	serving the Lord (Christ)
Romans 13:14	Lord	1	GOD_FATHER	GOD_SON	Lord Jesus Christ
Romans 14:6	Lord	*	GOD_FATHER	GOD_SON	unto the Lord = Christ (14:9)
Romans 14:8	Lord	*	GOD_FATHER	GOD_SON	unto the Lord = Christ (14:9)
Romans 14:8	Lord’s	1	GOD_FATHER	GOD_SON	we are the Lord's = Christ (14:9)
Romans 14:9	Lord	1	GOD_FATHER	GOD_SON	Christ Lord of dead and living
Romans 14:14	Lord	1	GOD_FATHER	GOD_SON	Lord Jesus
Romans 15:6	Lord	1	GOD_FATHER	GOD_SON	Father of our Lord Jesus Christ
Romans 15:30	Lord	1	GOD_FATHER	GOD_SON	Lord Jesus Christ
Romans 16:2	Lord	1	GOD_FATHER	GOD_SON	in the Lord (Christ)
Romans 16:8	Lord	1	GOD_FATHER	GOD_SON	in the Lord (Christ)
Romans 16:11	Lord	1	GOD_FATHER	GOD_SON	in the Lord (Christ)
Romans 16:12	Lord	*	GOD_FATHER	GOD_SON	in the Lord (Christ)
Romans 16:13	Lord	1	GOD_FATHER	GOD_SON	in the Lord (Christ)
Romans 16:18	Lord	1	GOD_FATHER	GOD_SON	our Lord Jesus Christ
Romans 16:20	Lord	1	GOD_FATHER	GOD_SON	our Lord Jesus Christ
Romans 16:22	Lord	1	GOD_FATHER	GOD_SON	in the Lord (Christ)
Romans 16:24	Lord	1	GOD_FATHER	GOD_SON	our Lord Jesus Christ
1 Corinthians 1:2	Lord	1	GOD_FATHER	GOD_SON	Jesus Christ our Lord
1 Corinthians 1:3	Lord	1	GOD_FATHER	GOD_SON	Lord Jesus Christ
1 Corinthians 1:7	Lord	1	GOD_FATHER	GOD_SON	coming of our Lord Jesus Christ
1 Corinthians 1:8	Lord	1	GOD_FATHER	GOD_SON	day of our Lord Jesus Christ
1 Corinthians 1:9	Lord	1	GOD_FATHER	GOD_SON	Jesus Christ our Lord
1 Corinthians 1:10	Lord	1	GOD_FATHER	GOD_SON	our Lord Jesus Christ
1 Corinthians 1:31	Lord	1	GOD_FATHER	GOD_SON	glory in the Lord = Christ (1:30)
1 Corinthians 2:8	Lord	1	GOD_FATHER	GOD_SON	crucified the Lord of glory
1 Corinthians 3:5	Lord	1	GOD_FATHER	GOD_SON	ministers of the Lord (Christ)
1 Corinthians 4:4	Lord	1	GOD_FATHER	GOD_SON	he that judgeth me = Christ
1 Corinthians 4:5	Lord	1	GOD_FATHER	GOD_SON	until the Lord come
1 Corinthians 4:17	Lord	1	GOD_FATHER	GOD_SON	faithful in the Lord (Christ)
1 Corinthians 4:19	Lord	1	GOD_FATHER	GOD_SON	if the Lord will (Christ)
1 Corinthians 5:4	Lord	*	GOD_FATHER	GOD_SON	our Lord Jesus Christ
1 Corinthians 5:5	Lord	1	GOD_FATHER	GOD_SON	day of the Lord Jesus
1 Corinthians 6:11	Lord	1	GOD_FATHER	GOD_SON	Lord Jesus
1 Corinthians 6:13	Lord	*	GOD_FATHER	GOD_SON	body for the Lord (Christ, 6:15)
1 Corinthians 6:14	Lord	1	GOD_FATHER	GOD_SON	God raised up the Lord
1 Corinthians 6:17	Lord	1	GOD_FATHER	GOD_SON	joined unto the Lord (Christ)
1 Corinthians 7:10	Lord	1	GOD_FATHER	GOD_SON	command of the Lord (Jesus' teaching)
1 Corinthians 7:12	Lord	1	GOD_FATHER	GOD_SON	not the Lord (Jesus' teaching)
1 Corinthians 7:17	Lord	1	GOD_FATHER	GOD_SON	Lord hath called (Christ)
1 Corinthians 7:22	Lord	1	GOD_FATHER	GOD_SON	called in the Lord (Christ)
1 Corinthians 7:22	Lord’s	1	GOD_FATHER	GOD_SON	Lord's freeman = Christ's
1 Corinthians 7:25	Lord	*	GOD_FATHER	GOD_SON	commandment of the Lord (Christ)
1 Corinthians 7:32	Lord	*	GOD_FATHER	GOD_SON	please the Lord (Christ)
1 Corinthians 7:34	Lord	1	GOD_FATHER	GOD_SON	things of the Lord (Christ)
1 Corinthians 7:35	Lord	1	GOD_FATHER	GOD_SON	attend upon the Lord (Christ)
1 Corinthians 7:39	Lord	1	GOD_FATHER	GOD_SON	only in the Lord (Christ)
1 Corinthians 8:6	Lord	1	GOD_FATHER	GOD_SON	one Lord Jesus Christ
1 Corinthians 10:21	Lord	1	GOD_FATHER	GOD_SON	cup of the Lord
1 Corinthians 10:21	Lord’s	1	GOD_FATHER	GOD_SON	Lord's table
1 Corinthians 10:22	Lord	1	GOD_FATHER	GOD_SON	provoke the Lord of the table
1 Corinthians 11:11	Lord	1	GOD_FATHER	GOD_SON	in the Lord (Christ)
1 Corinthians 11:20	Lord’s	1	GOD_FATHER	GOD_SON	Lord's supper
1 Corinthians 11:23	Lord	*	GOD_FATHER	GOD_SON	received of the Lord; Lord Jesus
1 Corinthians 11:26	Lord’s	1	GOD_FATHER	GOD_SON	the Lord's death
1 Corinthians 11:27	Lord	*	GOD_FATHER	GOD_SON	cup / body and blood of the Lord
1 Corinthians 11:29	Lord’s	1	GOD_FATHER	GOD_SON	the Lord's body
1 Corinthians 11:32	Lord	1	GOD_FATHER	GOD_SON	chastened of the Lord (Supper context)
1 Corinthians 12:3	Lord	1	GOD_FATHER	GOD_SON	Jesus is the Lord
1 Corinthians 12:5	Lord	1	GOD_FATHER	GOD_SON	same Lord (Spirit/Lord/God)
1 Corinthians 14:37	Lord	1	GOD_FATHER	GOD_SON	commandments of the Lord (Christ)
1 Corinthians 15:31	Lord	1	GOD_FATHER	GOD_SON	Christ Jesus our Lord
1 Corinthians 15:47	Lord	1	GOD_FATHER	GOD_SON	second man the Lord from heaven
1 Corinthians 15:57	Lord	1	GOD_FATHER	GOD_SON	our Lord Jesus Christ
1 Corinthians 15:58	Lord	*	GOD_FATHER	GOD_SON	work of / in the Lord (Christ)
1 Corinthians 16:7	Lord	1	GOD_FATHER	GOD_SON	if the Lord permit (Christ)
1 Corinthians 16:10	Lord	1	GOD_FATHER	GOD_SON	work of the Lord (Christ)
1 Corinthians 16:19	Lord	1	GOD_FATHER	GOD_SON	in the Lord (Christ)
1 Corinthians 16:22	Lord	1	GOD_FATHER	GOD_SON	Lord Jesus Christ
1 Corinthians 16:23	Lord	1	GOD_FATHER	GOD_SON	our Lord Jesus Christ
2 Corinthians 1:2	Lord	1	GOD_FATHER	GOD_SON	Lord Jesus Christ
2 Corinthians 1:3	Lord	1	GOD_FATHER	GOD_SON	Father of our Lord Jesus Christ
2 Corinthians 1:14	Lord	1	GOD_FATHER	GOD_SON	day of the Lord Jesus
2 Corinthians 2:12	Lord	1	GOD_FATHER	GOD_SON	door opened in the Lord (Christ's gospel)
2 Corinthians 4:5	Lord	1	GOD_FATHER	GOD_SON	Christ Jesus the Lord
2 Corinthians 4:10	Lord	1	GOD_FATHER	GOD_SON	dying of the Lord Jesus
2 Corinthians 4:14	Lord	1	GOD_FATHER	GOD_SON	raised up the Lord Jesus
2 Corinthians 5:6	Lord	1	GOD_FATHER	GOD_SON	absent from the Lord (Christ)
2 Corinthians 5:8	Lord	1	GOD_FATHER	GOD_SON	present with the Lord (Christ)
2 Corinthians 5:11	Lord	1	GOD_FATHER	GOD_SON	terror of the Lord = judge (5:10)
2 Corinthians 8:5	Lord	1	GOD_FATHER	GOD_SON	gave themselves to the Lord (Christ)
2 Corinthians 8:9	Lord	1	GOD_FATHER	GOD_SON	our Lord Jesus Christ
2 Corinthians 8:19	Lord	1	GOD_FATHER	GOD_SON	glory of the same Lord (Christ)
2 Corinthians 10:8	Lord	1	GOD_FATHER	GOD_SON	authority the Lord gave (Christ)
2 Corinthians 10:17	Lord	1	GOD_FATHER	GOD_SON	glory in the Lord (Christ)
2 Corinthians 10:18	Lord	1	GOD_FATHER	GOD_SON	whom the Lord commendeth (Christ)
2 Corinthians 11:17	Lord	1	GOD_FATHER	GOD_SON	not after the Lord (Christ)
2 Corinthians 11:31	Lord	1	GOD_FATHER	GOD_SON	Father of our Lord Jesus Christ
2 Corinthians 12:1	Lord	1	GOD_FATHER	GOD_SON	revelations of the Lord (Christ)
2 Corinthians 12:8	Lord	1	GOD_FATHER	GOD_SON	besought the Lord = Christ (12:9)
2 Corinthians 13:10	Lord	1	GOD_FATHER	GOD_SON	power the Lord gave (Christ)
2 Corinthians 13:14	Lord	1	GOD_FATHER	GOD_SON	grace of the Lord Jesus Christ
Galatians 1:3	Lord	1	GOD_FATHER	GOD_SON	our Lord Jesus Christ
Galatians 1:19	Lord’s	1	GOD_FATHER	GOD_SON	James the Lord's brother
Galatians 5:10	Lord	1	GOD_FATHER	GOD_SON	through the Lord (Christ)
Galatians 6:14	Lord	1	GOD_FATHER	GOD_SON	cross of our Lord Jesus Christ
Galatians 6:17	Lord	1	GOD_FATHER	GOD_SON	marks of the Lord Jesus
Galatians 6:18	Lord	1	GOD_FATHER	GOD_SON	our Lord Jesus Christ
